name,station_code,service_provider_name,latitude,longitude,route_id,route_name,line_number,line_colour,colour_hex_code,region
KL Sentral,KA01,Keretapi Tanah Melayu,3.134603,101.686567,KA,Seremban Line,1,Blue,#0000FF,Klang Valley
Kuala Lumpur,KA02,Keretapi Tanah Melayu,3.1395126,101.6937889,KA,Seremban Line,1,Blue,#0000FF,Klang Valley
Bank Negara,KA03,Keretapi Tanah Melayu,3.1545422,101.6930105,KA,Seremban Line,1,Blue,#0000FF,Klang Valley
Putra,KA04,Keretapi Tanah Melayu,3.165005,101.691234,KA,Seremban Line,1,Blue,#0000FF,Klang Valley
Mid Valley,KB01,Keretapi Tanah Melayu,3.1185282,101.6789854,KB,Seremban Line,1,Blue,#0000FF,Klang Valley
Seputeh,KB02,Keretapi Tanah Melayu,3.1136966,101.6812992,KB,Seremban Line,1,Blue,#0000FF,Klang Valley
Salak Selatan,KB03,Keretapi Tanah Melayu,3.098229,101.7053567,KB,Seremban Line,1,Blue,#0000FF,Klang Valley
Bandar Tasik Selatan,KB04,Keretapi Tanah Melayu,3.076313,101.711115,KB,Seremban Line,1,Blue,#0000FF,Klang Valley
Serdang,KB05,Keretapi Tanah Melayu,3.0231837,101.7159332,KB,Seremban Line,1,Blue,#0000FF,Klang Valley
Kajang,KB06,Keretapi Tanah Melayu,2.983108,101.7905234,KB,Seremban Line,1,Blue,#0000FF,Klang Valley
UKM,KB07,Keretapi Tanah Melayu,2.9396732,101.7878345,KB,Seremban Line,1,Blue,#0000FF,Klang Valley
Bangi,KB08,Keretapi Tanah Melayu,2.903964,101.786039,KB,Seremban Line,1,Blue,#0000FF,Klang Valley
Batang Benar,KB09,Keretapi Tanah Melayu,2.8303933,101.8268143,KB,Seremban Line,1,Blue,#0000FF,Klang Valley
Nilai,KB10,Keretapi Tanah Melayu,2.802336,101.7998029,KB,Seremban Line,1,Blue,#0000FF,Klang Valley
Labu,KB11,Keretapi Tanah Melayu,2.7540314,101.8266068,KB,Seremban Line,1,Blue,#0000FF,Klang Valley
Tiroi,KB12,Keretapi Tanah Melayu,2.7413407,101.8719558,KB,Seremban Line,1,Blue,#0000FF,Klang Valley
Seremban,KB13,Keretapi Tanah Melayu,2.7188308,101.9404842,KB,Seremban Line,1,Blue,#0000FF,Klang Valley
Senawang,KB14,Keretapi Tanah Melayu,2.6906203,101.9717709,KB,Seremban Line,1,Blue,#0000FF,Klang Valley
Sungai Gadut,KB15,Keretapi Tanah Melayu,2.6604935,101.9961253,KB,Seremban Line,1,Blue,#0000FF,Klang Valley
Rembau,KB16,Keretapi Tanah Melayu,2.6604935,101.9961253,KB,Seremban Line,1,Blue,#0000FF,Klang Valley
Pulau Sebang/Tampin,KB17,Keretapi Tanah Melayu,2.463626,102.2260987,KB,Seremban Line,1,Blue,#0000FF,Klang Valley
Sentul,KC01,Keretapi Tanah Melayu,3.1823031,101.6887043,KC,Seremban Line,1,Blue,#0000FF,Klang Valley
Batu Kentomen,KC02,Keretapi Tanah Melayu,3.1983357,101.6811632,KC,Seremban Line,1,Blue,#0000FF,Klang Valley
Kampung Batu,KC03,Keretapi Tanah Melayu,3.2047963,101.675646,KC,Seremban Line,1,Blue,#0000FF,Klang Valley
Taman Wahyu,KC04,Keretapi Tanah Melayu,3.2145439,101.6721822,KC,Seremban Line,1,Blue,#0000FF,Klang Valley
Batu Caves,KC05,Keretapi Tanah Melayu,3.2378874,101.6811872,KC,Seremban Line,1,Blue,#0000FF,Klang Valley
KL Sentral,KA01,Keretapi Tanah Melayu,3.134603,101.686567,KA,Port Klang Line,2,Red,#ff0000,Klang Valley
Kuala Lumpur,KA02,Keretapi Tanah Melayu,3.1395804,101.693629,KA,Port Klang Line,2,Red,#ff0000,Klang Valley
Bank Negara,KA03,Keretapi Tanah Melayu,3.1545691,101.6929903,KA,Port Klang Line,2,Red,#ff0000,Klang Valley
Putra,KA04,Keretapi Tanah Melayu,3.165005,101.691234,KA,Port Klang Line,2,Red,#ff0000,Klang Valley
Segambut,KA05,Keretapi Tanah Melayu,3.1864391,101.6642105,KA,Port Klang Line,2,Red,#ff0000,Klang Valley
Kepong,KA06,Keretapi Tanah Melayu,3.20281,101.6374,KA,Port Klang Line,2,Red,#ff0000,Klang Valley
Kepong Sentral,KA07,Keretapi Tanah Melayu,3.2086928,101.6285123,KA,Port Klang Line,2,Red,#ff0000,Klang Valley
Sungai Buloh,KA08,Keretapi Tanah Melayu,3.206204,101.580781,KA,Port Klang Line,2,Red,#ff0000,Klang Valley
Kuang,KA09,Keretapi Tanah Melayu,3.25826,101.55473,KA,Port Klang Line,2,Red,#ff0000,Klang Valley
Rawang,KA10,Keretapi Tanah Melayu,3.31885,101.57498,KA,Port Klang Line,2,Red,#ff0000,Klang Valley
Serendah,KA11,Keretapi Tanah Melayu,3.3760667,101.6144481,KA,Port Klang Line,2,Red,#ff0000,Klang Valley
Batang Kali,KA12,Keretapi Tanah Melayu,3.4683857,101.6377519,KA,Port Klang Line,2,Red,#ff0000,Klang Valley
Rasa,KA13,Keretapi Tanah Melayu,3.5003142,101.6341973,KA,Port Klang Line,2,Red,#ff0000,Klang Valley
Kuala Kubu Bharu,KA14,Keretapi Tanah Melayu,3.5532917,101.6395744,KA,Port Klang Line,2,Red,#ff0000,Klang Valley
Tanjung Malim,KA15,Keretapi Tanah Melayu,3.6847038,101.5182181,KA,Port Klang Line,2,Red,#ff0000,Klang Valley
Abdullah Hukum,KD01,Keretapi Tanah Melayu,3.118735,101.672897,KD,Port Klang Line,2,Red,#ff0000,Klang Valley
Angkasapuri,KD02,Keretapi Tanah Melayu,3.1135063,101.6732256,KD,Port Klang Line,2,Red,#ff0000,Klang Valley
Pantai Dalam,KD03,Keretapi Tanah Melayu,3.0956045,101.6700133,KD,Port Klang Line,2,Red,#ff0000,Klang Valley
Petaling,KD04,Keretapi Tanah Melayu,3.0862146,101.6641499,KD,Port Klang Line,2,Red,#ff0000,Klang Valley
Jalan Templer,KD05,Keretapi Tanah Melayu,3.08353,101.656641,KD,Port Klang Line,2,Red,#ff0000,Klang Valley
Kampung Dato Harun,KD06,Keretapi Tanah Melayu,3.084461,101.6322709,KD,Port Klang Line,2,Red,#ff0000,Klang Valley
Seri Setia,KD07,Keretapi Tanah Melayu,3.0845398,101.6218982,KD,Port Klang Line,2,Red,#ff0000,Klang Valley
Setia Jaya,KD08,Keretapi Tanah Melayu,3.0831687,101.6114441,KD,Port Klang Line,2,Red,#ff0000,Klang Valley
Subang Jaya,KD09,Keretapi Tanah Melayu,3.08466,101.588127,KD,Port Klang Line,2,Red,#ff0000,Klang Valley
Batu Tiga,KD10,Keretapi Tanah Melayu,3.075857,101.559779,KD,Port Klang Line,2,Red,#ff0000,Klang Valley
Shah Alam,KD11,Keretapi Tanah Melayu,3.0564286,101.5251133,KD,Port Klang Line,2,Red,#ff0000,Klang Valley
Padang Jawa,KD12,Keretapi Tanah Melayu,3.0523254,101.4927002,KD,Port Klang Line,2,Red,#ff0000,Klang Valley
Bukit Badak,KD13,Keretapi Tanah Melayu,3.0359966,101.470249,KD,Port Klang Line,2,Red,#ff0000,Klang Valley
Klang,KD14,Keretapi Tanah Melayu,3.042951,101.449642,KD,Port Klang Line,2,Red,#ff0000,Klang Valley
Teluk Pulai,KD15,Keretapi Tanah Melayu,3.0408108,101.4321487,KD,Port Klang Line,2,Red,#ff0000,Klang Valley
Teluk Gadong,KD16,Keretapi Tanah Melayu,3.03389,101.42491,KD,Port Klang Line,2,Red,#ff0000,Klang Valley
Kampung Raja Uda,KD17,Keretapi Tanah Melayu,3.02016,101.41028,KD,Port Klang Line,2,Red,#ff0000,Klang Valley
Jalan Kastam,KD18,Keretapi Tanah Melayu,3.013,101.4026,KD,Port Klang Line,2,Red,#ff0000,Klang Valley
Port Klang,KD19,Keretapi Tanah Melayu,2.999459,101.391373,KD,Port Klang Line,2,Red,#ff0000,Klang Valley
Sentul Timur,AG1,Rapid KL,3.185821,101.695335,AG,Ampang Line,3,Orange,#fe8e10,Klang Valley
Pudu,AG10,Rapid KL,3.13492,101.712011,AG,Ampang Line,3,Orange,#fe8e10,Klang Valley
Chan Sow Lin,AG11,Rapid KL,3.128025,101.715546,AG,Ampang Line,3,Orange,#fe8e10,Klang Valley
Miharja,AG12,Rapid KL,3.120931,101.717861,AG,Ampang Line,3,Orange,#fe8e10,Klang Valley
Maluri,AG13,Rapid KL,3.123276,101.726946,AG,Ampang Line,3,Orange,#fe8e10,Klang Valley
Pandan Jaya,AG14,Rapid KL,3.130258,101.738991,AG,Ampang Line,3,Orange,#fe8e10,Klang Valley
Pandan Indah,AG15,Rapid KL,3.134827,101.746748,AG,Ampang Line,3,Orange,#fe8e10,Klang Valley
Cempaka,AG16,Rapid KL,3.138458,101.752945,AG,Ampang Line,3,Orange,#fe8e10,Klang Valley
Cahaya,AG17,Rapid KL,3.140643,101.756607,AG,Ampang Line,3,Orange,#fe8e10,Klang Valley
Ampang,AG18,Rapid KL,3.150512,101.760127,AG,Ampang Line,3,Orange,#fe8e10,Klang Valley
Sentul,AG2,Rapid KL,3.178591,101.69551,AG,Ampang Line,3,Orange,#fe8e10,Klang Valley
Titiwangsa,AG3,Rapid KL,3.173591,101.695273,AG,Ampang Line,3,Orange,#fe8e10,Klang Valley
PWTC,AG4,Rapid KL,3.166563,101.693594,AG,Ampang Line,3,Orange,#fe8e10,Klang Valley
Sultan Ismail,AG5,Rapid KL,3.161185,101.694127,AG,Ampang Line,3,Orange,#fe8e10,Klang Valley
Bandaraya,AG6,Rapid KL,3.155548,101.694406,AG,Ampang Line,3,Orange,#fe8e10,Klang Valley
Masjid Jamek,AG7,Rapid KL,3.149462,101.696396,AG,Ampang Line,3,Orange,#fe8e10,Klang Valley
Plaza Rakyat,AG8,Rapid KL,3.144264,101.702054,AG,Ampang Line,3,Orange,#fe8e10,Klang Valley
Hang Tuah,AG9,Rapid KL,3.139843,101.706133,AG,Ampang Line,3,Orange,#fe8e10,Klang Valley
Sentul Timur,SP1,Rapid KL,3.185821,101.695335,SP,Sri Petaling Line,4,Maroon,#721422,Klang Valley
Pudu,SP10,Rapid KL,3.13492,101.712011,SP,Sri Petaling Line,4,Maroon,#721422,Klang Valley
Chan Sow Lin,SP11,Rapid KL,3.128025,101.715546,SP,Sri Petaling Line,4,Maroon,#721422,Klang Valley
Cheras,SP12,Rapid KL,3.112747,101.714213,SP,Sri Petaling Line,4,Maroon,#721422,Klang Valley
Salak Selatan,SP13,Rapid KL,3.102009,101.706273,SP,Sri Petaling Line,4,Maroon,#721422,Klang Valley
Bandar Tun Razak,SP14,Rapid KL,3.089626,101.712414,SP,Sri Petaling Line,4,Maroon,#721422,Klang Valley
Bandar Tasik Selatan,SP15,Rapid KL,3.076067,101.711311,SP,Sri Petaling Line,4,Maroon,#721422,Klang Valley
Sungai Besi,SP16,Rapid KL,3.063949,101.707987,SP,Sri Petaling Line,4,Maroon,#721422,Klang Valley
Bukit Jalil,SP17,Rapid KL,3.058148,101.692216,SP,Sri Petaling Line,4,Maroon,#721422,Klang Valley
Sri Petaling,SP18,Rapid KL,3.061533,101.687067,SP,Sri Petaling Line,4,Maroon,#721422,Klang Valley
Awan Besar,SP19,Rapid KL,3.062094,101.670606,SP,Sri Petaling Line,4,Maroon,#721422,Klang Valley
Sentul,SP2,Rapid KL,3.178591,101.69551,SP,Sri Petaling Line,4,Maroon,#721422,Klang Valley
Muhibbah,SP20,Rapid KL,3.061934,101.662791,SP,Sri Petaling Line,4,Maroon,#721422,Klang Valley
Alam Sutera,SP21,Rapid KL,3.054838,101.656693,SP,Sri Petaling Line,4,Maroon,#721422,Klang Valley
Kinrara,SP22,Rapid KL,3.050456,101.644155,SP,Sri Petaling Line,4,Maroon,#721422,Klang Valley
Ioi Puchong Jaya,SP24,Rapid KL,3.048131,101.620982,SP,Sri Petaling Line,4,Maroon,#721422,Klang Valley
Pusat Bandar Puchong,SP25,Rapid KL,3.033284,101.61612,SP,Sri Petaling Line,4,Maroon,#721422,Klang Valley
Taman Perindustrian Puchong (TPP),SP26,Rapid KL,3.022811,101.613433,SP,Sri Petaling Line,4,Maroon,#721422,Klang Valley
Bandar Puteri,SP27,Rapid KL,3.017065,101.612829,SP,Sri Petaling Line,4,Maroon,#721422,Klang Valley
Puchong Perdana,SP28,Rapid KL,3.007852,101.605253,SP,Sri Petaling Line,4,Maroon,#721422,Klang Valley
Puchong Prima,SP29,Rapid KL,2.999892,101.596738,SP,Sri Petaling Line,4,Maroon,#721422,Klang Valley
Titiwangsa,SP3,Rapid KL,3.173591,101.695273,SP,Sri Petaling Line,4,Maroon,#721422,Klang Valley
Putra Heights,SP31,Rapid KL,2.995969,101.575544,SP,Sri Petaling Line,4,Maroon,#721422,Klang Valley
PWTC,SP4,Rapid KL,3.166563,101.693594,SP,Sri Petaling Line,4,Maroon,#721422,Klang Valley
Sultan Ismail,SP5,Rapid KL,3.161185,101.694127,SP,Sri Petaling Line,4,Maroon,#721422,Klang Valley
Bandaraya,SP6,Rapid KL,3.155548,101.694406,SP,Sri Petaling Line,4,Maroon,#721422,Klang Valley
Masjid Jamek,SP7,Rapid KL,3.149462,101.696396,SP,Sri Petaling Line,4,Maroon,#721422,Klang Valley
Plaza Rakyat,SP8,Rapid KL,3.144264,101.702054,SP,Sri Petaling Line,4,Maroon,#721422,Klang Valley
Hang Tuah,SP9,Rapid KL,3.139843,101.706133,SP,Sri Petaling Line,4,Maroon,#721422,Klang Valley
Gombak,KJ1,Rapid KL,3.231206,101.724429,KJ,Kelana Jaya Line,5,Ruby,#e0115f,Klang Valley
KLCC,KJ10,Rapid KL,3.158935,101.713287,KJ,Kelana Jaya Line,5,Ruby,#e0115f,Klang Valley
Kampung Baru,KJ11,Rapid KL,3.161386,101.706608,KJ,Kelana Jaya Line,5,Ruby,#e0115f,Klang Valley
Dang Wangi,KJ12,Rapid KL,3.156942,101.701975,KJ,Kelana Jaya Line,5,Ruby,#e0115f,Klang Valley
Masjid Jamek,KJ13,Rapid KL,3.149714,101.696815,KJ,Kelana Jaya Line,5,Ruby,#e0115f,Klang Valley
Pasar Seni,KJ14,Rapid KL,3.142439,101.69531,KJ,Kelana Jaya Line,5,Ruby,#e0115f,Klang Valley
KL Sentral,KJ15,Rapid KL,3.134067,101.686535,KJ,Kelana Jaya Line,5,Ruby,#e0115f,Klang Valley
Bangsar,KJ16,Rapid KL,3.127588,101.679062,KJ,Kelana Jaya Line,5,Ruby,#e0115f,Klang Valley
Abdullah Hukum,KJ17,Rapid KL,3.118735,101.672897,KJ,Kelana Jaya Line,5,Ruby,#e0115f,Klang Valley
Kerinchi,KJ18,Rapid KL,3.115506,101.668572,KJ,Kelana Jaya Line,5,Ruby,#e0115f,Klang Valley
Universiti,KJ19,Rapid KL,3.114616,101.661639,KJ,Kelana Jaya Line,5,Ruby,#e0115f,Klang Valley
Taman Melati,KJ2,Rapid KL,3.219558,101.72197,KJ,Kelana Jaya Line,5,Ruby,#e0115f,Klang Valley
Taman Jaya,KJ20,Rapid KL,3.104086,101.645248,KJ,Kelana Jaya Line,5,Ruby,#e0115f,Klang Valley
Asia Jaya,KJ21,Rapid KL,3.104343,101.637695,KJ,Kelana Jaya Line,5,Ruby,#e0115f,Klang Valley
Taman Paramount,KJ22,Rapid KL,3.104716,101.623192,KJ,Kelana Jaya Line,5,Ruby,#e0115f,Klang Valley
Taman Bahagia,KJ23,Rapid KL,3.11079,101.612856,KJ,Kelana Jaya Line,5,Ruby,#e0115f,Klang Valley
Kelana Jaya,KJ24,Rapid KL,3.112497,101.6043,KJ,Kelana Jaya Line,5,Ruby,#e0115f,Klang Valley
Lembah Subang,KJ25,Rapid KL,3.112094,101.591034,KJ,Kelana Jaya Line,5,Ruby,#e0115f,Klang Valley
Ara Damansara,KJ26,Rapid KL,3.108452,101.586644,KJ,Kelana Jaya Line,5,Ruby,#e0115f,Klang Valley
Glenmarie,KJ27,Rapid KL,3.095902,101.590474,KJ,Kelana Jaya Line,5,Ruby,#e0115f,Klang Valley
Subang Jaya,KJ28,Rapid KL,3.084862,101.58724,KJ,Kelana Jaya Line,5,Ruby,#e0115f,Klang Valley
SS15,KJ29,Rapid KL,3.075895,101.586027,KJ,Kelana Jaya Line,5,Ruby,#e0115f,Klang Valley
Wangsa Maju,KJ3,Rapid KL,3.205751,101.731796,KJ,Kelana Jaya Line,5,Ruby,#e0115f,Klang Valley
SS18,KJ30,Rapid KL,3.066939,101.586167,KJ,Kelana Jaya Line,5,Ruby,#e0115f,Klang Valley
USJ7,KJ31,Rapid KL,3.055025,101.591907,KJ,Kelana Jaya Line,5,Ruby,#e0115f,Klang Valley
Taipan,KJ32,Rapid KL,3.047826,101.590201,KJ,Kelana Jaya Line,5,Ruby,#e0115f,Klang Valley
Wawasan,KJ33,Rapid KL,3.034969,101.588194,KJ,Kelana Jaya Line,5,Ruby,#e0115f,Klang Valley
USJ21,KJ34,Rapid KL,3.029735,101.581854,KJ,Kelana Jaya Line,5,Ruby,#e0115f,Klang Valley
Alam Megah,KJ35,Rapid KL,3.023151,101.572029,KJ,Kelana Jaya Line,5,Ruby,#e0115f,Klang Valley
Subang Alam,KJ36,Rapid KL,3.01007,101.57208,KJ,Kelana Jaya Line,5,Ruby,#e0115f,Klang Valley
Putra Heights,KJ37,Rapid KL,2.996227,101.575462,KJ,Kelana Jaya Line,5,Ruby,#e0115f,Klang Valley
Sri Rampai,KJ4,Rapid KL,3.199176,101.73747,KJ,Kelana Jaya Line,5,Ruby,#e0115f,Klang Valley
Setiawangsa,KJ5,Rapid KL,3.17576,101.73584,KJ,Kelana Jaya Line,5,Ruby,#e0115f,Klang Valley
Jelatek,KJ6,Rapid KL,3.167204,101.735344,KJ,Kelana Jaya Line,5,Ruby,#e0115f,Klang Valley
Dato' Keramat,KJ7,Rapid KL,3.16509,101.73184,KJ,Kelana Jaya Line,5,Ruby,#e0115f,Klang Valley
Damai,KJ8,Rapid KL,3.164406,101.724489,KJ,Kelana Jaya Line,5,Ruby,#e0115f,Klang Valley
Ampang Park,KJ9,Rapid KL,3.159894,101.719017,KJ,Kelana Jaya Line,5,Ruby,#e0115f,Klang Valley
KL Sentral,KE1,Express Rail Link,3.132675,101.687891,KE,KLIA Ekspres,6,Purple,#800080,Klang Valley
Kuala Lumpur International Airport,KE2,Express Rail Link,2.7549259,101.7048248,KE,KLIA Ekspres,6,Purple,#800080,Klang Valley
KLIA2,KE3,Express Rail Link,2.7445694,101.685081,KE,KLIA Ekspres,6,Purple,#800080,Klang Valley
KL Sentral,KT1,Express Rail Link,3.132675,101.687891,KT,KLIA Transit,7,Teal,#139593,Klang Valley
Bandar Tasik Selatan,KT2,Express Rail Link,3.076067,101.711311,KT,KLIA Transit,7,Teal,#139593,Klang Valley
Putrajaya & Cyberjaya,KT3,Express Rail Link,2.9314193,101.6708369,KT,KLIA Transit,7,Teal,#139593,Klang Valley
Salak Tinggi,KT4,Express Rail Link,2.8257973,101.7133911,KT,KLIA Transit,7,Teal,#139593,Klang Valley
Kuala Lumpur International Airport,KT5,Express Rail Link,2.7549259,101.7048248,KT,KLIA Transit,7,Teal,#139593,Klang Valley
KLIA2,KT6,Express Rail Link,2.7445694,101.685081,KT,KLIA Transit,7,Teal,#139593,Klang Valley
KL Sentral,MR1,Rapid KL,3.132675,101.687891,MR,KL Monorail Line,8,Light Green,#7dba00,Klang Valley
Chow Kit,MR10,Rapid KL,3.167394,101.698385,MR,KL Monorail Line,8,Light Green,#7dba00,Klang Valley
Titiwangsa,MR11,Rapid KL,3.173204,101.695964,MR,KL Monorail Line,8,Light Green,#7dba00,Klang Valley
Tun Sambanthan,MR2,Rapid KL,3.131452,101.690862,MR,KL Monorail Line,8,Light Green,#7dba00,Klang Valley
Maharajalela,MR3,Rapid KL,3.138948,101.699203,MR,KL Monorail Line,8,Light Green,#7dba00,Klang Valley
Hang Tuah,MR4,Rapid KL,3.140681,101.706037,MR,KL Monorail Line,8,Light Green,#7dba00,Klang Valley
Imbi,MR5,Rapid KL,3.142812,101.709447,MR,KL Monorail Line,8,Light Green,#7dba00,Klang Valley
Bukit Bintang,MR6,Rapid KL,3.146077,101.711499,MR,KL Monorail Line,8,Light Green,#7dba00,Klang Valley
Raja Chulan,MR7,Rapid KL,3.150837,101.710442,MR,KL Monorail Line,8,Light Green,#7dba00,Klang Valley
Bukit Nanas,MR8,Rapid KL,3.156244,101.704766,MR,KL Monorail Line,8,Light Green,#7dba00,Klang Valley
Medan Tuanku,MR9,Rapid KL,3.159271,101.6989,MR,KL Monorail Line,8,Light Green,#7dba00,Klang Valley
Kwasa Damansara,KG04,Rapid KL,3.17615,101.57205,KG,Kajang Line,9,Green,#008000,Klang Valley
Kwasa Sentral,KG05,Rapid KL,3.169826,101.564913,KG,Kajang Line,9,Green,#008000,Klang Valley
Kota Damansara,KG06,Rapid KL,3.15013,101.57869,KG,Kajang Line,9,Green,#008000,Klang Valley
Surian,KG07,Rapid KL,3.14948,101.59392,KG,Kajang Line,9,Green,#008000,Klang Valley
Mutiara Damansara,KG08,Rapid KL,3.1553,101.60908,KG,Kajang Line,9,Green,#008000,Klang Valley
Bandar Utama,KG09,Rapid KL,3.146504,101.618798,KG,Kajang Line,9,Green,#008000,Klang Valley
TTDI,KG10,Rapid KL,3.13613,101.63054,KG,Kajang Line,9,Green,#008000,Klang Valley
Phileo Damansara,KG12,Rapid KL,3.129037,101.643153,KG,Kajang Line,9,Green,#008000,Klang Valley
Pusat Bandar Damansara,KG13,Rapid KL,3.143323,101.662374,KG,Kajang Line,9,Green,#008000,Klang Valley
Semantan,KG14,Rapid KL,3.150982,101.665292,KG,Kajang Line,9,Green,#008000,Klang Valley
Muzium Negara,KG15,Rapid KL,3.13732,101.68734,KG,Kajang Line,9,Green,#008000,Klang Valley
Pasar Seni,KG16,Rapid KL,3.14229,101.69556,KG,Kajang Line,9,Green,#008000,Klang Valley
Merdeka,KG17,Rapid KL,3.14197,101.70205,KG,Kajang Line,9,Green,#008000,Klang Valley
Bukit Bintang,KG18A,Rapid KL,3.1465,101.71095,KG,Kajang Line,9,Green,#008000,Klang Valley
Tun Razak Exchange,KG20,Rapid KL,3.1424,101.72016,KG,Kajang Line,9,Green,#008000,Klang Valley
Cochrane,KG21,Rapid KL,3.13283,101.72296,KG,Kajang Line,9,Green,#008000,Klang Valley
Maluri,KG22,Rapid KL,3.12362,101.72781,KG,Kajang Line,9,Green,#008000,Klang Valley
Taman Pertama,KG23,Rapid KL,3.11255,101.72937,KG,Kajang Line,9,Green,#008000,Klang Valley
Taman Midah,KG24,Rapid KL,3.10451,101.73219,KG,Kajang Line,9,Green,#008000,Klang Valley
Taman Mutiara,KG25,Rapid KL,3.09099,101.74045,KG,Kajang Line,9,Green,#008000,Klang Valley
Taman Connaught,KG26,Rapid KL,3.07917,101.74522,KG,Kajang Line,9,Green,#008000,Klang Valley
Taman Suntex,KG27,Rapid KL,3.07158,101.76355,KG,Kajang Line,9,Green,#008000,Klang Valley
Sri Raya,KG28,Rapid KL,3.06227,101.7729,KG,Kajang Line,9,Green,#008000,Klang Valley
Bandar Tun Hussien Onn,KG29,Rapid KL,3.04822,101.77511,KG,Kajang Line,9,Green,#008000,Klang Valley
Batu 11 Cheras,KG30,Rapid KL,3.04134,101.77338,KG,Kajang Line,9,Green,#008000,Klang Valley
Bukit Dukung,KG31,Rapid KL,3.02641,101.77107,KG,Kajang Line,9,Green,#008000,Klang Valley
Sungai Jernih,KG33,Rapid KL,3.00095,101.78386,KG,Kajang Line,9,Green,#008000,Klang Valley
Stadium Kajang,KG34,Rapid KL,2.99451,101.78634,KG,Kajang Line,9,Green,#008000,Klang Valley
Kajang,KG35,Rapid KL,2.98278,101.79028,KG,Kajang Line,9,Green,#008000,Klang Valley
KL Sentral,KS01,Keretapi Tanah Melayu,3.132675,101.687891,KS,Skypark Link,10,Brown,#A52A2A,Klang Valley
Subang Jaya,KS02,Keretapi Tanah Melayu,3.08466,101.588127,KS,Skypark Link,10,Brown,#A52A2A,Klang Valley
Terminal Skypark,KS03,Keretapi Tanah Melayu,3.13442,101.55543,KS,Skypark Link,10,Brown,#A52A2A,Klang Valley
Sunway-Setia Jaya,SB1,Rapid Bus,3.08292,101.61228,SB,BRT Sunway Line,B1,Dark Green,#1E4D2B,Klang Valley
Mentari,SB2,Rapid Bus,3.07613,101.61023,SB,BRT Sunway Line,B1,Dark Green,#1E4D2B,Klang Valley
Sunway Lagoon,SB3,Rapid Bus,3.07065,101.61079,SB,BRT Sunway Line,B1,Dark Green,#1E4D2B,Klang Valley
Sunmed,SB4,Rapid Bus,3.06554,101.60861,SB,BRT Sunway Line,B1,Dark Green,#1E4D2B,Klang Valley
SunU Monash,SB5,Rapid Bus,3.0653,101.60161,SB,BRT Sunway Line,B1,Dark Green,#1E4D2B,Klang Valley
South Quay-USJ1,SB6,Rapid Bus,3.06162,101.59681,SB,BRT Sunway Line,B1,Dark Green,#1E4D2B,Klang Valley
USJ7,SB7,Rapid Bus,3.05525,101.59198,SB,BRT Sunway Line,B1,Dark Green,#1E4D2B,Klang Valley
Sungai Buloh,PY04,Rapid KL,3.206333,101.581736,PY,Putrajaya Line,12,Yellow,#facd04,Klang Valley
Kampung Selamat,PY03,Rapid KL,3.19727,101.5785,PY,Putrajaya Line,12,Yellow,#facd04,Klang Valley
Kwasa Damansara,PY01,Rapid KL,3.17615,101.57205,PY,Putrajaya Line,12,Yellow,#facd04,Klang Valley
Damansara Damai,PY05,Rapid KL,3.19976,101.59287,PY,Putrajaya Line,12,Yellow,#facd04,Klang Valley
Sri Damansara Barat,PY06,Rapid KL,3.19822,101.60842,PY,Putrajaya Line,12,Yellow,#facd04,Klang Valley
Sri Damansara Sentral,PY07,Rapid KL,3.19854,101.62113,PY,Putrajaya Line,12,Yellow,#facd04,Klang Valley
Sri Damansara Timur,PY08,Rapid KL,3.20758,101.62859,PY,Putrajaya Line,12,Yellow,#facd04,Klang Valley
Metro Prima,PY09,Rapid KL,3.20758,101.62859,PY,Putrajaya Line,12,Yellow,#facd04,Klang Valley
Kepong Baru,PY10,Rapid KL,3.2116819,101.6481798,PY,Putrajaya Line,12,Yellow,#facd04,Klang Valley
Jinjang,PY11,Rapid KL,3.20954,101.65579,PY,Putrajaya Line,12,Yellow,#facd04,Klang Valley
Sri Delima,PY12,Rapid KL,3.2072,101.66556,PY,Putrajaya Line,12,Yellow,#facd04,Klang Valley
Kampung Batu,PY13,Rapid KL,3.206,101.67514,PY,Putrajaya Line,12,Yellow,#facd04,Klang Valley
Kentonmen,PY14,Rapid KL,3.19541,101.6796,PY,Putrajaya Line,12,Yellow,#facd04,Klang Valley
Jalan Ipoh,PY15,Rapid KL,3.18934,101.68115,PY,Putrajaya Line,12,Yellow,#facd04,Klang Valley
Sentul Barat,PY16,Rapid KL,3.17881,101.68516,PY,Putrajaya Line,12,Yellow,#facd04,Klang Valley
Titiwangsa,PY17,Rapid KL,3.17446,101.69601,PY,Putrajaya Line,12,Yellow,#facd04,Klang Valley
Hospital Kuala Lumpur,PY18,Rapid KL,3.17401,101.70172,PY,Putrajaya Line,12,Yellow,#facd04,Klang Valley
Raja Uda,PY19,Rapid KL,3.16789,101.71093,PY,Putrajaya Line,12,Yellow,#facd04,Klang Valley
Ampang Park,PY20,Rapid KL,3.16172,101.71797,PY,Putrajaya Line,12,Yellow,#facd04,Klang Valley
Persiaran KLCC,PY21,Rapid KL,3.15691,101.71821,PY,Putrajaya Line,12,Yellow,#facd04,Klang Valley
Conlay,PY22,Rapid KL,3.15069,101.71839,PY,Putrajaya Line,12,Yellow,#facd04,Klang Valley
Tun Razak Exchange,PY23,Rapid KL,3.1428733,101.7199618,PY,Putrajaya Line,12,Yellow,#facd04,Klang Valley
Chan Sow Lin,PY24,Rapid KL,3.12837,101.71659,PY,Putrajaya Line,12,Yellow,#facd04,Klang Valley
Kuchai,PY27,Rapid KL,3.08962,101.6941,PY,Putrajaya Line,12,Yellow,#facd04,Klang Valley
Taman Naga Emas,PY28,Rapid KL,3.07772,101.69952,PY,Putrajaya Line,12,Yellow,#facd04,Klang Valley
Sungai Besi,PY29,Rapid KL,3.06383,101.70841,PY,Putrajaya Line,12,Yellow,#facd04,Klang Valley
Serdang Raya Utara,PY31,Rapid KL,3.04177,101.70493,PY,Putrajaya Line,12,Yellow,#facd04,Klang Valley
Serdang Raya Selatan,PY32,Rapid KL,3.02849,101.70749,PY,Putrajaya Line,12,Yellow,#facd04,Klang Valley
Serdang Jaya,PY33,Rapid KL,3.0216,101.70893,PY,Putrajaya Line,12,Yellow,#facd04,Klang Valley
UPM,PY34,Rapid KL,3.00848,101.70541,PY,Putrajaya Line,12,Yellow,#facd04,Klang Valley
Taman Equine,PY36,Rapid KL,2.98932,101.67257,PY,Putrajaya Line,12,Yellow,#facd04,Klang Valley
Putra Permai,PY37,Rapid KL,2.9831,101.66057,PY,Putrajaya Line,12,Yellow,#facd04,Klang Valley
16 Sierra,PY38,Rapid KL,2.96528,101.65483,PY,Putrajaya Line,12,Yellow,#facd04,Klang Valley
Cyberjaya Utara,PY39,Rapid KL,2.94924,101.65749,PY,Putrajaya Line,12,Yellow,#facd04,Klang Valley
Cyberjaya City Centre,PY40,Rapid KL,2.93895,101.66563,PY,Putrajaya Line,12,Yellow,#facd04,Klang Valley
Putrajaya Sentral,PY41,Rapid KL,2.93143,101.67147,PY,Putrajaya Line,12,Yellow,#facd04,Klang Valley
Bandar Utama,JS1,Rapid KL,3.144418876,101.6181465,JS,LRT3,11,Sky Blue,#88cffa,Klang Valley
Kayu Ara,JS2,Rapid KL,3.135428534,101.6170146,JS,LRT3,11,Sky Blue,#88cffa,Klang Valley
BU11,JS3,Rapid KL,3.133471924,101.6049169,JS,LRT3,11,Sky Blue,#88cffa,Klang Valley
Damansara Idaman,JS5,Rapid KL,3.122534158,101.5941505,JS,LRT3,11,Sky Blue,#88cffa,Klang Valley
SS7,JS6,Rapid KL,3.106420683,101.5912029,JS,LRT3,11,Sky Blue,#88cffa,Klang Valley
Glenmarie,JS7,Rapid KL,3.095852204,101.5891855,JS,LRT3,11,Sky Blue,#88cffa,Klang Valley
Kerjaya,JS9,Rapid KL,3.082319047,101.5624195,JS,LRT3,11,Sky Blue,#88cffa,Klang Valley
Stadium Shah Alam,JS10,Rapid KL,3.079356864,101.5480906,JS,LRT3,11,Sky Blue,#88cffa,Klang Valley
Bandaraya Shah Alam,JS12,Rapid KL,3.069671102,101.5213147,JS,LRT3,11,Sky Blue,#88cffa,Klang Valley
UiTM,JS14,Rapid KL,3.062419515,101.5014841,JS,LRT3,11,Sky Blue,#88cffa,Klang Valley
Hospital Shah Alam,JS15,Rapid KL,3.067392682,101.4871655,JS,LRT3,11,Sky Blue,#88cffa,Klang Valley
Bandar Baru Klang,JS17,Rapid KL,3.062554962,101.465626,JS,LRT3,11,Sky Blue,#88cffa,Klang Valley
Pasar Besar Klang,JS18,Rapid KL,3.068467697,101.4507026,JS,LRT3,11,Sky Blue,#88cffa,Klang Valley
Jalan Meru,JS19,Rapid KL,3.058985137,101.4519429,JS,LRT3,11,Sky Blue,#88cffa,Klang Valley
Klang,JS20,Rapid KL,3.046913733,101.4469717,JS,LRT3,11,Sky Blue,#88cffa,Klang Valley
Taman Selatan,JS21,Rapid KL,3.026450343,101.442469,JS,LRT3,11,Sky Blue,#88cffa,Klang Valley
Sri Andalas,JS22,Rapid KL,3.015224548,101.4404414,JS,LRT3,11,Sky Blue,#88cffa,Klang Valley
Klang Jaya,JS23,Rapid KL,3.005072142,101.4420808,JS,LRT3,11,Sky Blue,#88cffa,Klang Valley
Bandar Bukit Tinggi,JS24,Rapid KL,2.993526149,101.4461748,JS,LRT3,11,Sky Blue,#88cffa,Klang Valley
Johan Setia,JS26,Rapid KL,2.975435809,101.4607181,JS,LRT3,11,Sky Blue,#88cffa,Klang Valley
